"","miRNA_id","POC.47.TP2","POC.48.TP2","POC.50.TP2","POC.53.TP2","POC.57.TP2"
"1","Cluster_1015.mature",92.3076923076923,88.2352941176471,90.9090909090909,100,91.6666666666667
"2","Cluster_1068.mature",0,0,4.6875,2.63157894736842,2.21951219512195
"3","Cluster_1116.mature",2.46414602346806,2.27272727272727,1.04166666666667,3.98475398475398,1.5625
"4","Cluster_1296.mature",0,0.641025641025641,1.04166666666667,2.00320512820513,2.96386367814939
"5","Cluster_36.mature",0,0,2.85714285714286,7.69230769230769,4.16666666666667
"6","Cluster_3661.mature",0,3.84615384615385,0,2.32558139534884,0
"7","Cluster_4039.mature",0,2.94117647058824,0,NA,0
"8","Cluster_5612.mature",2.77777777777778,5.76923076923077,0,0,6.89655172413793
