"","gene_ID","GO.ID","Term","Annotated","Significant","Expected","Fisher","ontology","X","miRNA","V2","V3","V4.x","V5","V6","V7","V8","V9","V10","V11","PCC.cor","p_value","adjusted_p_value"
"1","FUN_015195","GO:0001649","osteoblast differentiation",27,3,0.08,2.4e-05,"Biological Processes",3381,"Cluster_3250","ptg000009l:7365755-7366755",159,-20.47,2,21,631,653,20,"75.00%","75.00%",0.961884328530676,0.00888158585378557,0.706856173382899
"2","FUN_015203","GO:0001649","osteoblast differentiation",27,3,0.08,2.4e-05,"Biological Processes",3382,"Cluster_3250","ptg000009l:7450889-7451889",167,-20.56,2,21,613,635,20,"80.00%","80.00%",0.894708329017732,0.0403593442331659,0.96546924320845
"3","FUN_037928","GO:0001649","osteoblast differentiation",27,3,0.08,2.4e-05,"Biological Processes",4916,"Cluster_5981","ptg000027l:610554-611062",165,-21.95,2,19,368,391,18,"77.78%","88.89%",0.977058739895605,0.00415680458539133,0.550518750182381
"4","FUN_005821","GO:0004198","calcium-dependent cysteine-type endopeptidase activ...",3,1,0.02,0.016,"Molecular Functions",4468,"Cluster_5900","ptg000001l:4416914-4417914",168,-22.02,2,21,178,199,19,"73.68%","84.21%",0.956155762038839,0.0109477699888632,0.741654435404038
"5","FUN_023553","GO:0000900","mRNA regulatory element binding translation repress...",3,1,0.02,0.016,"Molecular Functions",2049,"Cluster_17776","ptg000017l:9023052-9024052",154,-26.81,2,20,509,534,22,"63.64%","77.27%",0.957269444465421,0.010535090758066,0.73083869091251
"6","FUN_043381","GO:0003943","N-acetylgalactosamine-4-sulfatase activity",8,1,0.04,0.041,"Molecular Functions",4954,"Cluster_5981","ptg000047l:7749370-7750370",140,-20.03,2,9,769,791,7,"100.00%","100.00%",0.960612970285246,0.00932784049826585,0.717681557663573
"7","FUN_043408","GO:0004940","beta1-adrenergic receptor activity",9,1,0.05,0.047,"Molecular Functions",1796,"Cluster_15928","ptg000047l:8128045-8129045",159,-21.71,2,21,121,145,22,"68.18%","77.27%",0.977425520099707,0.00405774179929633,0.545343267336266
