"","miRNA_id","POR.71.TP2","POR.76.TP2","POR.79.TP2","POR.82.TP2"
"1","Cluster_1167.mature",3.8515406162465,5.57275541795666,9.18803418803419,6.37480798771121
"2","Cluster_4079.mature",1.58730158730159,0,5.68181818181818,0
"3","Cluster_5882.mature",5.97643097643098,0,3.84615384615385,1.66666666666667
"4","Cluster_6904.mature",2.56578947368421,0,6.90605590062112,0
"5","Cluster_6905.mature",0,0,0,7.69230769230769
