"","gene_ID","GO.ID","Term","Annotated","Significant","Expected","Fisher","ontology","miRNA","PCC.cor","p_value","adjusted_p_value","score","energy","query_start_end","subject_start_end","total_bp_shared","query_similar","subject_similar","region"
"1","Peve_00009458","GO:0000070","mitotic sister chromatid segregation",2,1,0.02,0.023,"Biological Processes","Cluster_589",-0.998175220682579,0.0384650550931703,0.909359886114279,160,-23.47,"2 19","629 649",17,"76.47%","88.24%","5UTR"
"2","Peve_00038534","GO:0002088","lens development in camera-type eye",2,1,0.02,0.023,"Biological Processes","Cluster_2854",-0.998485426650187,0.0350425019077328,0.909359886114279,152,-20.14,"2 14","9013 9035",13,"84.62%","92.31%","CDS"
"3","Peve_00041682","GO:0015969","guanosine tetraphosphate metabolic process",3,1,0.03,0.034,"Biological Processes","Cluster_2854",-0.998485426650187,0.0350425019077328,0.909359886114279,161,-20.58,"2 20","1808 1828",18,"77.78%","83.33%","CDS"
"4","Peve_00041682","GO:0015969","guanosine tetraphosphate metabolic process",3,1,0.03,0.034,"Biological Processes","Cluster_2854",-0.998485426650187,0.0350425019077328,0.909359886114279,161,-20.58,"2 20","2003 2023",18,"77.78%","83.33%","CDS"
"5","Peve_00024854","GO:0050233","pyranose oxidase activity",1,1,0,0.0049,"Molecular Functions","Cluster_14999",-0.999571546587002,0.0186364175217764,0.782669382293497,163,-20.02,"2 21","853 876",21,"71.43%","80.95%","3UTR"
"6","Peve_00034689","GO:0003884","D-amino-acid oxidase activity",1,1,0,0.0049,"Molecular Functions","Cluster_2882",-0.999903510444138,0.00884379702785195,0.584509800176466,140,-20.71,"2 9","8460 8481",7,"100.00%","100.00%","CDS"
"7","Peve_00034689","GO:0003884","D-amino-acid oxidase activity",1,1,0,0.0049,"Molecular Functions","Cluster_2882",-0.999903510444138,0.00884379702785195,0.584509800176466,152,-22.44,"2 19","985 1009",20,"75.00%","75.00%","CDS"
