"","gene_ID","GO.ID","Term","Annotated","Significant","Expected","Fisher","ontology","X","miRNA","V2","V3","V4.x","V5","V6","V7","V8","V9","V10","V11","PCC.cor","p_value","adjusted_p_value"
"1","Peve_00038534","GO:0002088","lens development in camera-type eye",2,1,0.01,0.011,"Biological Processes",5649,"Cluster_2854","Porites_evermani_scaffold_657:169034-190046",152,-20.14,2,14,9013,9035,13,"84.62%","92.31%",-0.998485426650187,0.0350425019077328,0.909359886114279
"2","Peve_00041682","GO:0015969","guanosine tetraphosphate metabolic process",3,1,0.02,0.017,"Biological Processes",5773,"Cluster_2854","Porites_evermani_scaffold_8:30287-40842",161,-20.58,2,20,1808,1828,18,"77.78%","83.33%",-0.998485426650187,0.0350425019077328,0.909359886114279
"3","Peve_00041682","GO:0015969","guanosine tetraphosphate metabolic process",3,1,0.02,0.017,"Biological Processes",5774,"Cluster_2854","Porites_evermani_scaffold_8:30287-40842",161,-20.58,2,20,2003,2023,18,"77.78%","83.33%",-0.998485426650187,0.0350425019077328,0.909359886114279
"4","Peve_00034689","GO:0003884","D-amino-acid oxidase activity",1,1,0,0.0016,"Molecular Functions",6780,"Cluster_2882","Porites_evermani_scaffold_529:151180-160920",140,-20.71,2,9,8460,8481,7,"100.00%","100.00%",-0.999903510444138,0.00884379702785195,0.584509800176466
"5","Peve_00034689","GO:0003884","D-amino-acid oxidase activity",1,1,0,0.0016,"Molecular Functions",6781,"Cluster_2882","Porites_evermani_scaffold_529:151180-160920",152,-22.44,2,19,985,1009,20,"75.00%","75.00%",-0.999903510444138,0.00884379702785195,0.584509800176466
