"id","degree","betweenness","closeness","eigenvector"
"Cluster_5981",24,631,0.0146040250284342,1
"Cluster_3366",23,253,0.0480491521071091,7.27907830505161e-16
"Cluster_10051",22,231,0.047312185398258,0
