"species","nodes","edges","density","avg_degree","avg_clustering"
"A. pulchra",274,253,0.0067645250127002,1.84671532846715,0
"P. evermanni",202,182,0.00896507561203882,1.8019801980198,0
"P. tuahiniensis",205,194,0.0092778574844572,1.89268292682927,0
