"id","degree","betweenness","closeness","eigenvector"
"Cluster_2973",30,725,0.0179481183869297,0
"Cluster_1938",30,435,0.0355814361466194,0
"Cluster_4438",13,174,0.0303070528102295,0
