"","gene_ID","GO.ID","Term","Annotated","Significant","Expected","Fisher","ontology","X","miRNA","PCC.cor","p_value","adjusted_p_value","score","energy","query_start_end","subject_start_end","total_bp_shared","query_similar","subject_similar"
"1","FUN_004508","GO:0000272","polysaccharide catabolic process",11,1,0.04,0.038,"Biological Processes",1182,"Cluster_2463",-0.939930912925518,0.0175129008046147,0.847898695599958,165,-20.8,"2 21","374 393",19,"78.95%","84.21%"
"2","FUN_029594","GO:0000082","G1/S transition of mitotic cell cycle",105,2,0.37,0.046,"Biological Processes",599,"Cluster_18728",-0.894881290301399,0.0402610204271603,0.965469243208467,160,-20.78,"2 21","290 311",19,"68.42%","78.95%"
"3","FUN_029602","GO:0000082","G1/S transition of mitotic cell cycle",105,2,0.37,0.046,"Biological Processes",643,"Cluster_18728",-0.892392843466375,0.0416829538043013,0.965469243208467,156,-20.78,"2 21","281 302",19,"68.42%","73.68%"
"4","FUN_000494","GO:0004126","cytidine deaminase activity",5,1,0.02,0.0175,"Molecular Functions",2500,"Cluster_3367",-0.948855952045759,0.0137773736388242,0.78065791116282,146,-20.66,"2 15","340 363",13,"69.23%","84.62%"
"5","FUN_013364","GO:0003924","GTPase activity",67,2,0.24,0.0218,"Molecular Functions",670,"Cluster_15854",-0.971490463332522,0.00575377810454252,0.627193380257553,168,-20.23,"2 22","888 911",21,"71.43%","85.71%"
"6","FUN_023141","GO:0004966","galanin receptor activity",12,1,0.04,0.0415,"Molecular Functions",4556,"Cluster_18723",-0.926481193360392,0.023663738230202,0.911947326397725,158,-21.46,"2 20","196 221",22,"68.18%","77.27%"
"7","FUN_031529","GO:0003924","GTPase activity",67,2,0.24,0.0218,"Molecular Functions",2475,"Cluster_4220",-0.919394723755507,0.0271367122765187,0.914225011702337,167,-28.12,"2 21","276 300",22,"72.73%","81.82%"
"8","FUN_037853","GO:0016980","creatinase activity",1,1,0,0.0035,"Molecular Functions",3190,"Cluster_10419",-0.911992092573668,0.030924206409186,0.924732751073219,163,-20.25,"2 21","339 364",23,"73.91%","73.91%"
