"","gene_ID","GO.ID","Term","Annotated","Significant","Expected","Fisher","ontology","X.1","X","miRNA","PCC.cor","p_value","adjusted_p_value","score","energy","query_start_end","subject_start_end","total_bp_shared","query_similar","subject_similar"
"1","FUN_011056","GO:0006699","bile acid biosynthetic process",4,1,0.03,0.031,"Biological Processes",1507,434809,"Cluster_18728",0.909544979248351,0.0322107470887216,0.934522799840711,155,-29.13,"2 21","579 601",20,"70.00%","75.00%"
"2","FUN_023956","GO:0001933","negative regulation of protein phosphorylation",5,1,0.04,0.038,"Biological Processes",1015,288919,"Cluster_3250",0.942012341638402,0.0166158734514718,0.837006715321312,157,-23.35,"2 21","21 42",20,"70.00%","85.00%"
"3","FUN_043612","GO:0001947","heart looping",4,1,0.03,0.031,"Biological Processes",1021,290628,"Cluster_19193",0.911230385834477,0.0313228601641537,0.927609281109268,178,-32.5,"2 21","463 483",19,"89.47%","89.47%"
"4","FUN_004001","GO:0004181","metallocarboxypeptidase activity",10,1,0.05,0.0482,"Molecular Functions",3951,1123380,"Cluster_14768",0.90728549040468,0.0334134693550686,0.945140915113237,141,-20.67,"2 20","11 30",18,"61.11%","72.22%"
"5","FUN_006649","GO:0004459","L-lactate dehydrogenase activity",1,1,0,0.0049,"Molecular Functions",3461,982582,"Cluster_5981",0.960485624156678,0.0093729338037559,0.717681557663573,164,-20.99,"2 21","741 763",19,"73.68%","78.95%"
"6","FUN_013639","GO:0001640","adenylate cyclase inhibiting G protein-coupled glut...",10,1,0.05,0.0482,"Molecular Functions",2581,727529,"Cluster_14402",0.908718443748873,0.0326490711777368,0.938222391732489,154,-23.12,"2 21","770 790",19,"63.16%","84.21%"
"7","FUN_014822","GO:0005539","glycosaminoglycan binding",5,1,0.02,0.0244,"Molecular Functions",3160,887063,"Cluster_3366",0.888310868864341,0.0440491206471639,0.96546924320845,170,-22.31,"2 23","30 53",21,"71.43%","80.95%"
"8","FUN_032653","GO:0005539","glycosaminoglycan binding",5,1,0.02,0.0244,"Molecular Functions",4638,1307092,"Cluster_3250",0.947230938750294,0.0144356099915736,0.79284365320448,154,-21.61,"2 17","838 858",15,"80.00%","86.67%"
